date,province,temperature,humidity,season
2016-01-01,Hanoi,13.4,87.8,winter
2016-01-01,Ho Chi Minh City,27.7,69.1,dry
2016-01-02,Hanoi,15.2,75.2,winter
2016-01-02,Ho Chi Minh City,26.6,69.9,dry
2016-01-03,Hanoi,19.2,86.0,winter
2016-01-03,Ho Chi Minh City,25.8,74.8,dry
2016-01-04,Hanoi,12.8,85.4,winter
2016-01-04,Ho Chi Minh City,24.0,66.7,dry
2016-01-05,Hanoi,16.8,88.3,winter
2016-01-05,Ho Chi Minh City,25.2,66.0,dry
2016-01-06,Hanoi,17.2,89.8,winter
2016-01-06,Ho Chi Minh City,25.9,64.0,dry
2016-01-07,Hanoi,18.9,88.9,winter
2016-01-07,Ho Chi Minh City,25.1,70.3,dry
2016-01-08,Hanoi,13.6,70.3,winter
2016-01-08,Ho Chi Minh City,25.3,77.9,dry
2016-01-09,Hanoi,16.1,87.5,winter
2016-01-09,Ho Chi Minh City,24.3,66.5,dry
2016-01-10,Hanoi,15.8,85.2,winter
2016-01-10,Ho Chi Minh City,27.7,68.3,dry
2016-01-11,Hanoi,19.0,80.0,winter
2016-01-11,Ho Chi Minh City,27.2,76.3,dry
2016-01-12,Hanoi,15.9,87.0,winter
2016-01-12,Ho Chi Minh City,25.1,67.4,dry
2016-01-13,Hanoi,13.2,80.5,winter
2016-01-13,Ho Chi Minh City,26.6,76.4,dry
2016-01-14,Hanoi,13.2,76.2,winter
2016-01-14,Ho Chi Minh City,24.3,77.0,dry
2016-01-15,Hanoi,19.2,73.8,winter
2016-01-15,Ho Chi Minh City,27.8,69.1,dry
2016-01-16,Hanoi,14.3,83.4,winter
2016-01-16,Ho Chi Minh City,25.5,77.8,dry
2016-01-17,Hanoi,17.2,89.8,winter
2016-01-17,Ho Chi Minh City,27.9,64.9,dry
2016-01-18,Hanoi,15.6,83.5,winter
2016-01-18,Ho Chi Minh City,26.6,68.1,dry
2016-01-19,Hanoi,17.2,84.4,winter
2016-01-19,Ho Chi Minh City,27.1,67.1,dry
2016-01-20,Hanoi,13.2,86.7,winter
2016-01-20,Ho Chi Minh City,24.1,65.8,dry
2016-01-21,Hanoi,18.5,71.0,winter
2016-01-21,Ho Chi Minh City,24.8,69.6,dry
2016-01-22,Hanoi,14.1,77.2,winter
2016-01-22,Ho Chi Minh City,24.6,64.2,dry
2016-01-23,Hanoi,13.2,73.0,winter
2016-01-23,Ho Chi Minh City,24.6,62.5,dry
2016-01-24,Hanoi,17.6,83.5,winter
2016-01-24,Ho Chi Minh City,25.8,64.0,dry
2016-01-25,Hanoi,13.7,82.2,winter
2016-01-25,Ho Chi Minh City,25.1,73.4,dry
2016-01-26,Hanoi,15.1,75.6,winter
2016-01-26,Ho Chi Minh City,27.5,64.7,dry
2016-01-27,Hanoi,13.2,89.5,winter
2016-01-27,Ho Chi Minh City,27.8,64.0,dry
2016-01-28,Hanoi,13.4,76.8,winter
2016-01-28,Ho Chi Minh City,26.0,75.6,dry
2016-01-29,Hanoi,16.5,74.3,winter
2016-01-29,Ho Chi Minh City,26.5,68.2,dry
2016-01-30,Hanoi,15.2,73.8,winter
2016-01-30,Ho Chi Minh City,27.8,64.0,dry
2016-01-31,Hanoi,13.1,82.0,winter
2016-01-31,Ho Chi Minh City,26.4,64.0,dry
2016-02-01,Hanoi,17.8,79.5,winter
2016-02-01,Ho Chi Minh City,26.4,67.5,dry
2016-02-02,Hanoi,14.4,92.0,winter
2016-02-02,Ho Chi Minh City,26.4,69.8,dry
2016-02-03,Hanoi,13.9,82.8,winter
2016-02-03,Ho Chi Minh City,26.4,77.4,dry
2016-02-04,Hanoi,15.3,87.7,winter
2016-02-04,Ho Chi Minh City,27.0,76.8,dry
2016-02-05,Hanoi,18.2,74.5,winter
2016-02-05,Ho Chi Minh City,26.0,65.0,dry
2016-02-06,Hanoi,18.0,74.2,winter
2016-02-06,Ho Chi Minh City,26.4,69.9,dry
2016-02-07,Hanoi,19.0,73.7,winter
2016-02-07,Ho Chi Minh City,27.4,71.4,dry
2016-02-08,Hanoi,13.8,76.6,winter
2016-02-08,Ho Chi Minh City,28.2,66.3,dry
2016-02-09,Hanoi,15.1,90.0,winter
2016-02-09,Ho Chi Minh City,28.5,68.9,dry
2016-02-10,Hanoi,17.7,79.0,winter
2016-02-10,Ho Chi Minh City,26.4,74.4,dry
2016-02-11,Hanoi,17.8,87.4,winter
2016-02-11,Ho Chi Minh City,26.9,75.9,dry
2016-02-12,Hanoi,13.7,87.4,winter
2016-02-12,Ho Chi Minh City,26.5,64.4,dry
2016-02-13,Hanoi,16.7,80.8,winter
2016-02-13,Ho Chi Minh City,27.6,78.0,dry
2016-02-14,Hanoi,14.9,87.6,winter
2016-02-14,Ho Chi Minh City,27.8,77.5,dry
2016-02-15,Hanoi,18.2,83.6,winter
2016-02-15,Ho Chi Minh City,27.9,63.8,dry
2016-02-16,Hanoi,17.8,79.2,winter
2016-02-16,Ho Chi Minh City,28.6,77.9,dry
2016-02-17,Hanoi,20.2,77.7,winter
2016-02-17,Ho Chi Minh City,26.2,74.7,dry
2016-02-18,Hanoi,15.9,76.1,winter
2016-02-18,Ho Chi Minh City,27.5,65.4,dry
2016-02-19,Hanoi,17.3,90.5,winter
2016-02-19,Ho Chi Minh City,27.3,68.6,dry
2016-02-20,Hanoi,18.4,91.4,winter
2016-02-20,Ho Chi Minh City,26.9,65.8,dry
2016-02-21,Hanoi,20.2,86.8,winter
2016-02-21,Ho Chi Minh City,29.0,68.0,dry
2016-02-22,Hanoi,14.8,87.4,winter
2016-02-22,Ho Chi Minh City,25.6,66.5,dry
2016-02-23,Hanoi,15.5,82.5,winter
2016-02-23,Ho Chi Minh City,27.7,75.4,dry
2016-02-24,Hanoi,16.4,91.4,winter
2016-02-24,Ho Chi Minh City,25.4,73.6,dry
2016-02-25,Hanoi,16.2,85.8,winter
2016-02-25,Ho Chi Minh City,26.9,65.0,dry
2016-02-26,Hanoi,20.0,91.3,winter
2016-02-26,Ho Chi Minh City,27.5,70.1,dry
2016-02-27,Hanoi,18.1,89.3,winter
2016-02-27,Ho Chi Minh City,26.0,66.5,dry
2016-02-28,Hanoi,18.5,77.7,winter
2016-02-28,Ho Chi Minh City,27.9,73.9,dry
2016-02-29,Hanoi,15.6,80.4,winter
2016-02-29,Ho Chi Minh City,28.9,71.2,dry
2016-03-01,Hanoi,22.9,87.2,spring
2016-03-01,Ho Chi Minh City,29.0,72.5,dry
2016-03-02,Hanoi,18.6,86.9,spring
2016-03-02,Ho Chi Minh City,27.4,63.3,dry
2016-03-03,Hanoi,19.5,88.5,spring
2016-03-03,Ho Chi Minh City,26.9,63.8,dry
2016-03-04,Hanoi,23.2,92.4,spring
2016-03-04,Ho Chi Minh City,27.3,76.3,dry
2016-03-05,Hanoi,17.9,86.2,spring
2016-03-05,Ho Chi Minh City,29.4,70.4,dry
2016-03-06,Hanoi,18.8,93.4,spring
2016-03-06,Ho Chi Minh City,29.0,74.0,dry
2016-03-07,Hanoi,22.6,89.3,spring
2016-03-07,Ho Chi Minh City,27.2,74.4,dry
2016-03-08,Hanoi,22.1,79.4,spring
2016-03-08,Ho Chi Minh City,27.9,73.8,dry
2016-03-09,Hanoi,21.4,81.6,spring
2016-03-09,Ho Chi Minh City,26.5,65.4,dry
2016-03-10,Hanoi,22.8,75.6,spring
2016-03-10,Ho Chi Minh City,28.0,68.1,dry
2016-03-11,Hanoi,23.2,92.1,spring
2016-03-11,Ho Chi Minh City,26.8,72.9,dry
2016-03-12,Hanoi,18.3,89.0,spring
2016-03-12,Ho Chi Minh City,26.2,65.1,dry
2016-03-13,Hanoi,23.2,77.9,spring
2016-03-13,Ho Chi Minh City,26.8,66.9,dry
2016-03-14,Hanoi,18.7,82.7,spring
2016-03-14,Ho Chi Minh City,26.6,65.3,dry
2016-03-15,Hanoi,21.2,76.0,spring
2016-03-15,Ho Chi Minh City,28.2,66.5,dry
2016-03-16,Hanoi,18.7,93.5,spring
2016-03-16,Ho Chi Minh City,27.5,77.2,dry
2016-03-17,Hanoi,20.6,88.1,spring
2016-03-17,Ho Chi Minh City,27.1,72.0,dry
2016-03-18,Hanoi,23.5,83.2,spring
2016-03-18,Ho Chi Minh City,29.8,69.6,dry
2016-03-19,Hanoi,19.7,93.1,spring
2016-03-19,Ho Chi Minh City,29.4,63.6,dry
2016-03-20,Hanoi,20.3,88.5,spring
2016-03-20,Ho Chi Minh City,26.8,65.6,dry
2016-03-21,Hanoi,22.3,89.3,spring
2016-03-21,Ho Chi Minh City,29.4,63.6,dry
2016-03-22,Hanoi,16.6,87.9,spring
2016-03-22,Ho Chi Minh City,27.5,77.0,dry
2016-03-23,Hanoi,18.8,87.6,spring
2016-03-23,Ho Chi Minh City,26.0,67.6,dry
2016-03-24,Hanoi,20.8,76.2,spring
2016-03-24,Ho Chi Minh City,29.4,62.3,dry
2016-03-25,Hanoi,21.3,91.9,spring
2016-03-25,Ho Chi Minh City,28.8,66.9,dry
2016-03-26,Hanoi,16.6,92.5,spring
2016-03-26,Ho Chi Minh City,28.4,71.3,dry
2016-03-27,Hanoi,21.0,85.5,spring
2016-03-27,Ho Chi Minh City,28.9,76.0,dry
2016-03-28,Hanoi,16.9,85.9,spring
2016-03-28,Ho Chi Minh City,28.5,62.5,dry
2016-03-29,Hanoi,20.2,75.4,spring
2016-03-29,Ho Chi Minh City,26.3,77.8,dry
2016-03-30,Hanoi,20.3,82.9,spring
2016-03-30,Ho Chi Minh City,28.1,66.2,dry
2016-03-31,Hanoi,17.7,92.4,spring
2016-03-31,Ho Chi Minh City,29.2,66.5,dry
2016-04-01,Hanoi,27.3,79.3,spring
2016-04-01,Ho Chi Minh City,30.3,78.7,dry
2016-04-02,Hanoi,26.0,81.5,spring
2016-04-02,Ho Chi Minh City,31.0,82.3,dry
2016-04-03,Hanoi,24.6,77.8,spring
2016-04-03,Ho Chi Minh City,29.7,70.8,dry
2016-04-04,Hanoi,21.3,91.7,spring
2016-04-04,Ho Chi Minh City,29.9,71.8,dry
2016-04-05,Hanoi,21.8,94.7,spring
2016-04-05,Ho Chi Minh City,28.6,73.1,dry
2016-04-06,Hanoi,20.8,76.1,spring
2016-04-06,Ho Chi Minh City,29.8,67.8,dry
2016-04-07,Hanoi,24.2,91.3,spring
2016-04-07,Ho Chi Minh City,27.8,77.8,dry
2016-04-08,Hanoi,21.4,82.1,spring
2016-04-08,Ho Chi Minh City,29.5,67.4,dry
2016-04-09,Hanoi,25.5,77.9,spring
2016-04-09,Ho Chi Minh City,28.4,75.8,dry
2016-04-10,Hanoi,23.0,80.5,spring
2016-04-10,Ho Chi Minh City,30.7,80.3,dry
2016-04-11,Hanoi,23.7,76.0,spring
2016-04-11,Ho Chi Minh City,27.6,75.4,dry
2016-04-12,Hanoi,21.4,81.3,spring
2016-04-12,Ho Chi Minh City,28.6,80.7,dry
2016-04-13,Hanoi,21.3,91.6,spring
2016-04-13,Ho Chi Minh City,30.0,70.2,dry
2016-04-14,Hanoi,22.7,83.6,spring
2016-04-14,Ho Chi Minh City,27.6,71.7,dry
2016-04-15,Hanoi,21.2,91.7,spring
2016-04-15,Ho Chi Minh City,29.2,69.8,dry
2016-04-16,Hanoi,26.7,91.3,spring
2016-04-16,Ho Chi Minh City,27.4,80.9,dry
2016-04-17,Hanoi,23.8,87.6,spring
2016-04-17,Ho Chi Minh City,28.9,73.4,dry
2016-04-18,Hanoi,25.7,77.4,spring
2016-04-18,Ho Chi Minh City,29.3,81.5,dry
2016-04-19,Hanoi,23.8,81.9,spring
2016-04-19,Ho Chi Minh City,29.7,82.9,dry
2016-04-20,Hanoi,22.0,83.7,spring
2016-04-20,Ho Chi Minh City,28.1,80.6,dry
2016-04-21,Hanoi,23.5,77.3,spring
2016-04-21,Ho Chi Minh City,29.0,68.9,dry
2016-04-22,Hanoi,22.9,93.1,spring
2016-04-22,Ho Chi Minh City,28.3,72.7,dry
2016-04-23,Hanoi,25.6,93.9,spring
2016-04-23,Ho Chi Minh City,27.9,82.1,dry
2016-04-24,Hanoi,21.2,86.6,spring
2016-04-24,Ho Chi Minh City,27.5,72.4,dry
2016-04-25,Hanoi,26.3,81.9,spring
2016-04-25,Ho Chi Minh City,28.8,68.1,dry
2016-04-26,Hanoi,22.9,78.8,spring
2016-04-26,Ho Chi Minh City,27.7,69.9,dry
2016-04-27,Hanoi,21.5,83.7,spring
2016-04-27,Ho Chi Minh City,27.3,69.0,dry
2016-04-28,Hanoi,26.0,83.7,spring
2016-04-28,Ho Chi Minh City,29.9,70.7,dry
2016-04-29,Hanoi,23.9,88.2,spring
2016-04-29,Ho Chi Minh City,28.4,77.4,dry
2016-04-30,Hanoi,24.4,91.7,spring
2016-04-30,Ho Chi Minh City,27.6,81.9,dry
2016-05-01,Hanoi,24.8,84.8,summer
2016-05-01,Ho Chi Minh City,28.3,83.6,wet
2016-05-02,Hanoi,30.8,72.5,summer
2016-05-02,Ho Chi Minh City,27.6,80.8,wet
2016-05-03,Hanoi,26.4,79.1,summer
2016-05-03,Ho Chi Minh City,27.8,87.7,wet
2016-05-04,Hanoi,24.5,85.5,summer
2016-05-04,Ho Chi Minh City,27.3,79.4,wet
2016-05-05,Hanoi,30.0,75.2,summer
2016-05-05,Ho Chi Minh City,28.9,78.6,wet
2016-05-06,Hanoi,29.0,72.8,summer
2016-05-06,Ho Chi Minh City,28.7,85.6,wet
2016-05-07,Hanoi,30.2,77.2,summer
2016-05-07,Ho Chi Minh City,28.9,87.6,wet
2016-05-08,Hanoi,26.1,70.8,summer
2016-05-08,Ho Chi Minh City,29.1,85.8,wet
2016-05-09,Hanoi,25.7,89.7,summer
2016-05-09,Ho Chi Minh City,30.1,77.8,wet
2016-05-10,Hanoi,25.3,83.9,summer
2016-05-10,Ho Chi Minh City,28.8,74.0,wet
2016-05-11,Hanoi,25.5,86.4,summer
2016-05-11,Ho Chi Minh City,29.2,72.6,wet
2016-05-12,Hanoi,28.3,84.5,summer
2016-05-12,Ho Chi Minh City,28.7,87.3,wet
2016-05-13,Hanoi,28.2,89.5,summer
2016-05-13,Ho Chi Minh City,28.6,86.8,wet
2016-05-14,Hanoi,28.5,89.0,summer
2016-05-14,Ho Chi Minh City,28.0,82.3,wet
2016-05-15,Hanoi,29.3,79.3,summer
2016-05-15,Ho Chi Minh City,29.1,80.4,wet
2016-05-16,Hanoi,25.6,89.6,summer
2016-05-16,Ho Chi Minh City,30.7,85.9,wet
2016-05-17,Hanoi,26.4,88.1,summer
2016-05-17,Ho Chi Minh City,28.2,85.4,wet
2016-05-18,Hanoi,31.3,87.6,summer
2016-05-18,Ho Chi Minh City,30.3,87.7,wet
2016-05-19,Hanoi,26.6,84.3,summer
2016-05-19,Ho Chi Minh City,28.2,81.5,wet
2016-05-20,Hanoi,29.6,80.1,summer
2016-05-20,Ho Chi Minh City,29.2,76.7,wet
2016-05-21,Hanoi,29.6,78.6,summer
2016-05-21,Ho Chi Minh City,28.7,78.3,wet
2016-05-22,Hanoi,27.8,82.3,summer
2016-05-22,Ho Chi Minh City,27.2,77.6,wet
2016-05-23,Hanoi,24.6,86.7,summer
2016-05-23,Ho Chi Minh City,28.0,85.9,wet
2016-05-24,Hanoi,25.3,78.1,summer
2016-05-24,Ho Chi Minh City,30.7,82.8,wet
2016-05-25,Hanoi,29.1,86.0,summer
2016-05-25,Ho Chi Minh City,28.6,87.6,wet
2016-05-26,Hanoi,27.0,83.0,summer
2016-05-26,Ho Chi Minh City,27.9,74.7,wet
2016-05-27,Hanoi,28.8,72.0,summer
2016-05-27,Ho Chi Minh City,30.9,74.6,wet
2016-05-28,Hanoi,30.9,76.5,summer
2016-05-28,Ho Chi Minh City,29.1,74.1,wet
2016-05-29,Hanoi,27.1,84.1,summer
2016-05-29,Ho Chi Minh City,29.8,73.4,wet
2016-05-30,Hanoi,26.1,74.3,summer
2016-05-30,Ho Chi Minh City,28.2,73.5,wet
2016-05-31,Hanoi,28.3,79.7,summer
2016-05-31,Ho Chi Minh City,28.6,74.1,wet
2016-06-01,Hanoi,30.0,84.5,summer
2016-06-01,Ho Chi Minh City,27.2,83.1,wet
2016-06-02,Hanoi,31.5,86.9,summer
2016-06-02,Ho Chi Minh City,26.3,77.8,wet
2016-06-03,Hanoi,27.3,79.8,summer
2016-06-03,Ho Chi Minh City,27.5,75.1,wet
2016-06-04,Hanoi,29.4,70.9,summer
2016-06-04,Ho Chi Minh City,30.0,77.4,wet
2016-06-05,Hanoi,26.7,73.0,summer
2016-06-05,Ho Chi Minh City,28.4,89.0,wet
2016-06-06,Hanoi,29.7,78.7,summer
2016-06-06,Ho Chi Minh City,26.9,75.7,wet
2016-06-07,Hanoi,32.1,76.5,summer
2016-06-07,Ho Chi Minh City,29.9,78.1,wet
2016-06-08,Hanoi,29.9,75.2,summer
2016-06-08,Ho Chi Minh City,29.7,76.2,wet
2016-06-09,Hanoi,28.1,72.3,summer
2016-06-09,Ho Chi Minh City,28.9,86.1,wet
2016-06-10,Hanoi,26.5,83.6,summer
2016-06-10,Ho Chi Minh City,27.1,83.2,wet
2016-06-11,Hanoi,31.6,83.7,summer
2016-06-11,Ho Chi Minh City,27.0,79.2,wet
2016-06-12,Hanoi,29.1,84.2,summer
2016-06-12,Ho Chi Minh City,28.5,88.6,wet
2016-06-13,Hanoi,30.2,88.6,summer
2016-06-13,Ho Chi Minh City,27.3,84.2,wet
2016-06-14,Hanoi,26.6,84.0,summer
2016-06-14,Ho Chi Minh City,27.1,79.3,wet
2016-06-15,Hanoi,29.6,71.1,summer
2016-06-15,Ho Chi Minh City,29.4,87.1,wet
2016-06-16,Hanoi,30.2,74.3,summer
2016-06-16,Ho Chi Minh City,29.6,90.4,wet
2016-06-17,Hanoi,27.9,76.1,summer
2016-06-17,Ho Chi Minh City,29.4,90.9,wet
2016-06-18,Hanoi,29.5,85.9,summer
2016-06-18,Ho Chi Minh City,26.4,84.0,wet
2016-06-19,Hanoi,27.9,86.3,summer
2016-06-19,Ho Chi Minh City,26.9,78.6,wet
2016-06-20,Hanoi,31.5,82.1,summer
2016-06-20,Ho Chi Minh City,26.5,88.8,wet
2016-06-21,Hanoi,28.6,81.5,summer
2016-06-21,Ho Chi Minh City,28.4,82.7,wet
2016-06-22,Hanoi,28.0,89.8,summer
2016-06-22,Ho Chi Minh City,26.7,88.3,wet
2016-06-23,Hanoi,27.6,81.0,summer
2016-06-23,Ho Chi Minh City,26.9,90.8,wet
2016-06-24,Hanoi,27.1,77.6,summer
2016-06-24,Ho Chi Minh City,29.7,78.3,wet
2016-06-25,Hanoi,32.7,75.2,summer
2016-06-25,Ho Chi Minh City,27.2,86.5,wet
2016-06-26,Hanoi,30.6,74.3,summer
2016-06-26,Ho Chi Minh City,29.6,86.4,wet
2016-06-27,Hanoi,31.3,74.6,summer
2016-06-27,Ho Chi Minh City,26.1,75.1,wet
2016-06-28,Hanoi,32.2,75.7,summer
2016-06-28,Ho Chi Minh City,28.3,90.4,wet
2016-06-29,Hanoi,28.3,76.3,summer
2016-06-29,Ho Chi Minh City,26.9,79.8,wet
2016-06-30,Hanoi,27.5,86.5,summer
2016-06-30,Ho Chi Minh City,26.6,88.5,wet
2016-07-01,Hanoi,30.1,93.0,summer
2016-07-01,Ho Chi Minh City,29.5,91.1,wet
2016-07-02,Hanoi,33.3,80.0,summer
2016-07-02,Ho Chi Minh City,27.4,81.4,wet
2016-07-03,Hanoi,29.4,82.5,summer
2016-07-03,Ho Chi Minh City,27.6,88.5,wet
2016-07-04,Hanoi,27.8,74.4,summer
2016-07-04,Ho Chi Minh City,26.1,86.1,wet
2016-07-05,Hanoi,28.2,79.1,summer
2016-07-05,Ho Chi Minh City,29.2,90.5,wet
2016-07-06,Hanoi,32.6,83.6,summer
2016-07-06,Ho Chi Minh City,26.9,90.5,wet
2016-07-07,Hanoi,32.7,90.8,summer
2016-07-07,Ho Chi Minh City,26.1,86.2,wet
2016-07-08,Hanoi,33.4,85.5,summer
2016-07-08,Ho Chi Minh City,28.1,88.4,wet
2016-07-09,Hanoi,30.3,82.2,summer
2016-07-09,Ho Chi Minh City,28.4,83.9,wet
2016-07-10,Hanoi,33.2,87.1,summer
2016-07-10,Ho Chi Minh City,27.2,92.1,wet
2016-07-11,Hanoi,28.6,90.9,summer
2016-07-11,Ho Chi Minh City,26.1,77.8,wet
2016-07-12,Hanoi,30.6,77.2,summer
2016-07-12,Ho Chi Minh City,28.3,92.7,wet
2016-07-13,Hanoi,30.9,89.3,summer
2016-07-13,Ho Chi Minh City,28.6,92.0,wet
2016-07-14,Hanoi,27.0,89.1,summer
2016-07-14,Ho Chi Minh City,27.2,79.9,wet
2016-07-15,Hanoi,26.9,84.8,summer
2016-07-15,Ho Chi Minh City,26.0,77.9,wet
2016-07-16,Hanoi,32.3,88.4,summer
2016-07-16,Ho Chi Minh City,29.7,91.1,wet
2016-07-17,Hanoi,31.8,85.4,summer
2016-07-17,Ho Chi Minh City,27.4,84.0,wet
2016-07-18,Hanoi,32.7,83.5,summer
2016-07-18,Ho Chi Minh City,27.5,78.2,wet
2016-07-19,Hanoi,26.7,86.4,summer
2016-07-19,Ho Chi Minh City,28.4,92.3,wet
2016-07-20,Hanoi,30.8,81.3,summer
2016-07-20,Ho Chi Minh City,28.2,92.0,wet
2016-07-21,Hanoi,27.3,84.2,summer
2016-07-21,Ho Chi Minh City,27.3,81.1,wet
2016-07-22,Hanoi,31.3,84.6,summer
2016-07-22,Ho Chi Minh City,27.6,91.1,wet
2016-07-23,Hanoi,31.7,85.3,summer
2016-07-23,Ho Chi Minh City,29.1,82.4,wet
2016-07-24,Hanoi,28.2,88.1,summer
2016-07-24,Ho Chi Minh City,28.5,85.6,wet
2016-07-25,Hanoi,32.6,91.2,summer
2016-07-25,Ho Chi Minh City,29.5,83.7,wet
2016-07-26,Hanoi,32.7,81.0,summer
2016-07-26,Ho Chi Minh City,27.2,78.9,wet
2016-07-27,Hanoi,32.1,84.7,summer
2016-07-27,Ho Chi Minh City,27.7,89.7,wet
2016-07-28,Hanoi,31.5,88.0,summer
2016-07-28,Ho Chi Minh City,29.2,92.7,wet
2016-07-29,Hanoi,29.7,87.7,summer
2016-07-29,Ho Chi Minh City,29.1,83.2,wet
2016-07-30,Hanoi,29.0,76.6,summer
2016-07-30,Ho Chi Minh City,28.8,79.1,wet
2016-07-31,Hanoi,28.1,77.8,summer
2016-07-31,Ho Chi Minh City,28.9,86.2,wet
2016-08-01,Hanoi,30.9,90.7,summer
2016-08-01,Ho Chi Minh City,29.9,81.5,wet
2016-08-02,Hanoi,32.3,83.5,summer
2016-08-02,Ho Chi Minh City,26.4,81.0,wet
2016-08-03,Hanoi,28.5,78.4,summer
2016-08-03,Ho Chi Minh City,29.6,84.6,wet
2016-08-04,Hanoi,26.6,92.2,summer
2016-08-04,Ho Chi Minh City,27.6,83.6,wet
2016-08-05,Hanoi,25.6,84.8,summer
2016-08-05,Ho Chi Minh City,26.2,86.1,wet
2016-08-06,Hanoi,26.5,87.4,summer
2016-08-06,Ho Chi Minh City,26.4,90.7,wet
2016-08-07,Hanoi,25.9,93.0,summer
2016-08-07,Ho Chi Minh City,28.8,88.0,wet
2016-08-08,Hanoi,25.8,80.5,summer
2016-08-08,Ho Chi Minh City,28.0,84.4,wet
2016-08-09,Hanoi,28.9,79.0,summer
2016-08-09,Ho Chi Minh City,27.8,84.4,wet
2016-08-10,Hanoi,32.4,84.7,summer
2016-08-10,Ho Chi Minh City,28.8,85.1,wet
2016-08-11,Hanoi,27.5,92.3,summer
2016-08-11,Ho Chi Minh City,27.3,80.0,wet
2016-08-12,Hanoi,31.0,78.2,summer
2016-08-12,Ho Chi Minh City,28.9,78.4,wet
2016-08-13,Hanoi,26.0,76.6,summer
2016-08-13,Ho Chi Minh City,28.6,92.3,wet
2016-08-14,Hanoi,31.1,78.2,summer
2016-08-14,Ho Chi Minh City,27.6,85.9,wet
2016-08-15,Hanoi,28.4,88.3,summer
2016-08-15,Ho Chi Minh City,28.5,81.4,wet
2016-08-16,Hanoi,30.6,93.7,summer
2016-08-16,Ho Chi Minh City,29.2,89.5,wet
2016-08-17,Hanoi,29.3,94.3,summer
2016-08-17,Ho Chi Minh City,28.0,84.4,wet
2016-08-18,Hanoi,26.7,90.2,summer
2016-08-18,Ho Chi Minh City,29.0,79.5,wet
2016-08-19,Hanoi,27.1,82.9,summer
2016-08-19,Ho Chi Minh City,28.2,80.3,wet
2016-08-20,Hanoi,31.3,86.1,summer
2016-08-20,Ho Chi Minh City,29.4,92.5,wet
2016-08-21,Hanoi,30.5,80.3,summer
2016-08-21,Ho Chi Minh City,26.5,84.6,wet
2016-08-22,Hanoi,31.9,89.1,summer
2016-08-22,Ho Chi Minh City,27.6,87.5,wet
2016-08-23,Hanoi,29.7,81.4,summer
2016-08-23,Ho Chi Minh City,28.4,77.8,wet
2016-08-24,Hanoi,29.9,75.7,summer
2016-08-24,Ho Chi Minh City,26.0,91.0,wet
2016-08-25,Hanoi,29.3,84.7,summer
2016-08-25,Ho Chi Minh City,26.8,79.1,wet
2016-08-26,Hanoi,29.1,77.4,summer
2016-08-26,Ho Chi Minh City,29.0,91.3,wet
2016-08-27,Hanoi,26.3,82.9,summer
2016-08-27,Ho Chi Minh City,26.8,90.9,wet
2016-08-28,Hanoi,32.0,77.4,summer
2016-08-28,Ho Chi Minh City,27.4,81.7,wet
2016-08-29,Hanoi,26.8,79.1,summer
2016-08-29,Ho Chi Minh City,28.0,84.0,wet
2016-08-30,Hanoi,25.8,86.6,summer
2016-08-30,Ho Chi Minh City,28.3,92.8,wet
2016-08-31,Hanoi,26.8,78.0,summer
2016-08-31,Ho Chi Minh City,29.0,78.7,wet
2016-09-01,Hanoi,31.0,80.8,fall
2016-09-01,Ho Chi Minh City,29.7,81.4,wet
2016-09-02,Hanoi,24.9,79.7,fall
2016-09-02,Ho Chi Minh City,27.4,95.0,wet
2016-09-03,Hanoi,25.8,79.0,fall
2016-09-03,Ho Chi Minh City,28.8,92.4,wet
2016-09-04,Hanoi,24.8,79.2,fall
2016-09-04,Ho Chi Minh City,26.4,88.9,wet
2016-09-05,Hanoi,28.3,84.3,fall
2016-09-05,Ho Chi Minh City,28.5,93.2,wet
2016-09-06,Hanoi,30.8,80.0,fall
2016-09-06,Ho Chi Minh City,29.4,93.2,wet
2016-09-07,Hanoi,27.9,73.5,fall
2016-09-07,Ho Chi Minh City,29.2,84.2,wet
2016-09-08,Hanoi,29.0,82.7,fall
2016-09-08,Ho Chi Minh City,28.8,80.2,wet
2016-09-09,Hanoi,29.0,74.2,fall
2016-09-09,Ho Chi Minh City,27.7,90.7,wet
2016-09-10,Hanoi,26.8,87.2,fall
2016-09-10,Ho Chi Minh City,29.4,94.0,wet
2016-09-11,Hanoi,29.8,92.2,fall
2016-09-11,Ho Chi Minh City,26.7,94.0,wet
2016-09-12,Hanoi,30.0,82.4,fall
2016-09-12,Ho Chi Minh City,28.5,92.0,wet
2016-09-13,Hanoi,25.6,75.5,fall
2016-09-13,Ho Chi Minh City,27.0,87.8,wet
2016-09-14,Hanoi,27.9,91.8,fall
2016-09-14,Ho Chi Minh City,28.5,81.5,wet
2016-09-15,Hanoi,26.0,90.9,fall
2016-09-15,Ho Chi Minh City,28.9,80.3,wet
2016-09-16,Hanoi,31.5,90.9,fall
2016-09-16,Ho Chi Minh City,28.5,88.4,wet
2016-09-17,Hanoi,30.4,81.0,fall
2016-09-17,Ho Chi Minh City,28.1,89.9,wet
2016-09-18,Hanoi,30.5,84.8,fall
2016-09-18,Ho Chi Minh City,29.1,80.6,wet
2016-09-19,Hanoi,31.2,85.3,fall
2016-09-19,Ho Chi Minh City,27.9,82.9,wet
2016-09-20,Hanoi,28.1,88.9,fall
2016-09-20,Ho Chi Minh City,28.0,91.0,wet
2016-09-21,Hanoi,26.3,88.3,fall
2016-09-21,Ho Chi Minh City,26.3,84.6,wet
2016-09-22,Hanoi,31.1,84.3,fall
2016-09-22,Ho Chi Minh City,26.8,85.8,wet
2016-09-23,Hanoi,31.1,83.7,fall
2016-09-23,Ho Chi Minh City,27.5,90.5,wet
2016-09-24,Hanoi,27.6,79.1,fall
2016-09-24,Ho Chi Minh City,26.3,93.4,wet
2016-09-25,Hanoi,31.0,91.8,fall
2016-09-25,Ho Chi Minh City,27.4,90.8,wet
2016-09-26,Hanoi,29.6,81.4,fall
2016-09-26,Ho Chi Minh City,27.8,80.2,wet
2016-09-27,Hanoi,30.9,85.2,fall
2016-09-27,Ho Chi Minh City,27.1,87.7,wet
2016-09-28,Hanoi,25.7,73.5,fall
2016-09-28,Ho Chi Minh City,29.8,85.6,wet
2016-09-29,Hanoi,28.1,82.2,fall
2016-09-29,Ho Chi Minh City,27.0,87.5,wet
2016-09-30,Hanoi,29.5,81.9,fall
2016-09-30,Ho Chi Minh City,29.9,80.6,wet
2016-10-01,Hanoi,25.6,86.3,fall
2016-10-01,Ho Chi Minh City,26.2,92.6,wet
2016-10-02,Hanoi,26.9,87.7,fall
2016-10-02,Ho Chi Minh City,26.4,84.9,wet
2016-10-03,Hanoi,27.7,77.6,fall
2016-10-03,Ho Chi Minh City,27.9,79.9,wet
2016-10-04,Hanoi,28.2,68.2,fall
2016-10-04,Ho Chi Minh City,28.0,80.0,wet
2016-10-05,Hanoi,25.6,72.0,fall
2016-10-05,Ho Chi Minh City,26.5,83.2,wet
2016-10-06,Hanoi,23.3,70.2,fall
2016-10-06,Ho Chi Minh City,25.4,85.7,wet
2016-10-07,Hanoi,24.6,68.6,fall
2016-10-07,Ho Chi Minh City,27.7,88.0,wet
2016-10-08,Hanoi,27.0,78.4,fall
2016-10-08,Ho Chi Minh City,27.6,84.9,wet
2016-10-09,Hanoi,24.4,83.5,fall
2016-10-09,Ho Chi Minh City,26.3,78.3,wet
2016-10-10,Hanoi,23.7,83.1,fall
2016-10-10,Ho Chi Minh City,28.9,93.0,wet
2016-10-11,Hanoi,26.4,86.0,fall
2016-10-11,Ho Chi Minh City,26.4,88.3,wet
2016-10-12,Hanoi,22.3,74.7,fall
2016-10-12,Ho Chi Minh City,27.4,85.9,wet
2016-10-13,Hanoi,27.0,82.4,fall
2016-10-13,Ho Chi Minh City,28.1,82.8,wet
2016-10-14,Hanoi,25.1,69.7,fall
2016-10-14,Ho Chi Minh City,26.3,78.6,wet
2016-10-15,Hanoi,26.9,80.1,fall
2016-10-15,Ho Chi Minh City,26.3,80.9,wet
2016-10-16,Hanoi,22.5,85.5,fall
2016-10-16,Ho Chi Minh City,26.5,92.6,wet
2016-10-17,Hanoi,22.3,81.5,fall
2016-10-17,Ho Chi Minh City,28.8,79.4,wet
2016-10-18,Hanoi,22.8,74.6,fall
2016-10-18,Ho Chi Minh City,25.6,89.4,wet
2016-10-19,Hanoi,26.9,87.5,fall
2016-10-19,Ho Chi Minh City,28.2,89.3,wet
2016-10-20,Hanoi,27.3,79.2,fall
2016-10-20,Ho Chi Minh City,28.0,87.2,wet
2016-10-21,Hanoi,26.9,73.9,fall
2016-10-21,Ho Chi Minh City,28.4,90.8,wet
2016-10-22,Hanoi,23.9,87.2,fall
2016-10-22,Ho Chi Minh City,26.7,87.9,wet
2016-10-23,Hanoi,28.4,79.3,fall
2016-10-23,Ho Chi Minh City,28.6,83.2,wet
2016-10-24,Hanoi,25.8,81.2,fall
2016-10-24,Ho Chi Minh City,28.6,90.2,wet
2016-10-25,Hanoi,23.8,72.9,fall
2016-10-25,Ho Chi Minh City,26.1,88.7,wet
2016-10-26,Hanoi,22.4,77.3,fall
2016-10-26,Ho Chi Minh City,28.3,92.1,wet
2016-10-27,Hanoi,24.6,76.8,fall
2016-10-27,Ho Chi Minh City,28.1,80.4,wet
2016-10-28,Hanoi,28.0,82.6,fall
2016-10-28,Ho Chi Minh City,26.7,92.5,wet
2016-10-29,Hanoi,25.3,85.2,fall
2016-10-29,Ho Chi Minh City,28.0,85.4,wet
2016-10-30,Hanoi,27.1,70.5,fall
2016-10-30,Ho Chi Minh City,28.2,85.9,wet
2016-10-31,Hanoi,23.7,81.8,fall
2016-10-31,Ho Chi Minh City,27.2,78.4,wet
2016-11-01,Hanoi,24.4,72.7,fall
2016-11-01,Ho Chi Minh City,28.8,85.9,wet
2016-11-02,Hanoi,22.4,75.3,fall
2016-11-02,Ho Chi Minh City,25.3,84.8,wet
2016-11-03,Hanoi,17.7,80.1,fall
2016-11-03,Ho Chi Minh City,27.0,87.2,wet
2016-11-04,Hanoi,19.2,77.4,fall
2016-11-04,Ho Chi Minh City,28.5,83.7,wet
2016-11-05,Hanoi,20.6,72.5,fall
2016-11-05,Ho Chi Minh City,25.4,79.0,wet
2016-11-06,Hanoi,24.3,78.7,fall
2016-11-06,Ho Chi Minh City,26.3,72.5,wet
2016-11-07,Hanoi,18.4,66.5,fall
2016-11-07,Ho Chi Minh City,27.0,75.2,wet
2016-11-08,Hanoi,22.8,76.7,fall
2016-11-08,Ho Chi Minh City,26.5,77.0,wet
2016-11-09,Hanoi,22.2,75.9,fall
2016-11-09,Ho Chi Minh City,27.5,72.8,wet
2016-11-10,Hanoi,20.0,74.3,fall
2016-11-10,Ho Chi Minh City,25.2,75.5,wet
2016-11-11,Hanoi,22.5,69.8,fall
2016-11-11,Ho Chi Minh City,25.1,76.3,wet
2016-11-12,Hanoi,18.0,71.0,fall
2016-11-12,Ho Chi Minh City,25.2,77.7,wet
2016-11-13,Hanoi,20.2,72.3,fall
2016-11-13,Ho Chi Minh City,25.2,87.5,wet
2016-11-14,Hanoi,18.4,69.2,fall
2016-11-14,Ho Chi Minh City,27.3,76.5,wet
2016-11-15,Hanoi,24.1,69.0,fall
2016-11-15,Ho Chi Minh City,28.0,83.7,wet
2016-11-16,Hanoi,23.6,75.8,fall
2016-11-16,Ho Chi Minh City,25.8,78.5,wet
2016-11-17,Hanoi,21.7,74.1,fall
2016-11-17,Ho Chi Minh City,25.7,77.8,wet
2016-11-18,Hanoi,23.6,74.9,fall
2016-11-18,Ho Chi Minh City,27.1,87.5,wet
2016-11-19,Hanoi,18.1,66.9,fall
2016-11-19,Ho Chi Minh City,27.1,86.6,wet
2016-11-20,Hanoi,19.8,70.1,fall
2016-11-20,Ho Chi Minh City,26.0,82.1,wet
2016-11-21,Hanoi,23.4,70.1,fall
2016-11-21,Ho Chi Minh City,28.2,77.6,wet
2016-11-22,Hanoi,18.9,70.0,fall
2016-11-22,Ho Chi Minh City,26.4,82.2,wet
2016-11-23,Hanoi,20.8,73.4,fall
2016-11-23,Ho Chi Minh City,28.8,84.6,wet
2016-11-24,Hanoi,18.0,67.7,fall
2016-11-24,Ho Chi Minh City,28.2,73.7,wet
2016-11-25,Hanoi,23.0,84.6,fall
2016-11-25,Ho Chi Minh City,26.9,86.5,wet
2016-11-26,Hanoi,20.2,68.4,fall
2016-11-26,Ho Chi Minh City,26.2,75.4,wet
2016-11-27,Hanoi,20.8,83.7,fall
2016-11-27,Ho Chi Minh City,28.0,80.2,wet
2016-11-28,Hanoi,18.6,76.3,fall
2016-11-28,Ho Chi Minh City,27.1,73.0,wet
2016-11-29,Hanoi,17.8,81.9,fall
2016-11-29,Ho Chi Minh City,25.5,85.7,wet
2016-11-30,Hanoi,21.9,71.6,fall
2016-11-30,Ho Chi Minh City,26.0,77.4,wet
2016-12-01,Hanoi,19.7,77.4,winter
2016-12-01,Ho Chi Minh City,27.3,76.9,dry
2016-12-02,Hanoi,14.9,80.3,winter
2016-12-02,Ho Chi Minh City,27.8,72.3,dry
2016-12-03,Hanoi,15.9,81.1,winter
2016-12-03,Ho Chi Minh City,27.2,72.2,dry
2016-12-04,Hanoi,18.6,78.6,winter
2016-12-04,Ho Chi Minh City,26.1,75.9,dry
2016-12-05,Hanoi,18.4,75.0,winter
2016-12-05,Ho Chi Minh City,26.8,70.0,dry
2016-12-06,Hanoi,18.8,69.8,winter
2016-12-06,Ho Chi Minh City,27.3,79.0,dry
2016-12-07,Hanoi,18.9,71.9,winter
2016-12-07,Ho Chi Minh City,24.6,78.0,dry
2016-12-08,Hanoi,18.2,80.7,winter
2016-12-08,Ho Chi Minh City,25.2,68.6,dry
2016-12-09,Hanoi,16.2,80.3,winter
2016-12-09,Ho Chi Minh City,26.3,70.5,dry
2016-12-10,Hanoi,18.4,76.6,winter
2016-12-10,Ho Chi Minh City,24.7,82.3,dry
2016-12-11,Hanoi,19.7,81.5,winter
2016-12-11,Ho Chi Minh City,26.2,80.9,dry
2016-12-12,Hanoi,16.5,71.1,winter
2016-12-12,Ho Chi Minh City,25.1,80.0,dry
2016-12-13,Hanoi,19.2,72.3,winter
2016-12-13,Ho Chi Minh City,25.6,77.4,dry
2016-12-14,Hanoi,18.9,85.6,winter
2016-12-14,Ho Chi Minh City,27.5,68.6,dry
2016-12-15,Hanoi,18.8,85.3,winter
2016-12-15,Ho Chi Minh City,26.9,81.3,dry
2016-12-16,Hanoi,18.9,83.2,winter
2016-12-16,Ho Chi Minh City,25.3,74.5,dry
2016-12-17,Hanoi,15.4,82.1,winter
2016-12-17,Ho Chi Minh City,25.2,70.3,dry
2016-12-18,Hanoi,14.6,80.6,winter
2016-12-18,Ho Chi Minh City,24.7,82.6,dry
2016-12-19,Hanoi,19.5,78.4,winter
2016-12-19,Ho Chi Minh City,26.4,76.4,dry
2016-12-20,Hanoi,15.6,82.9,winter
2016-12-20,Ho Chi Minh City,24.8,68.8,dry
2016-12-21,Hanoi,21.3,67.2,winter
2016-12-21,Ho Chi Minh City,25.5,82.0,dry
2016-12-22,Hanoi,21.4,78.9,winter
2016-12-22,Ho Chi Minh City,25.1,75.0,dry
2016-12-23,Hanoi,20.3,81.3,winter
2016-12-23,Ho Chi Minh City,27.7,67.5,dry
2016-12-24,Hanoi,18.4,86.4,winter
2016-12-24,Ho Chi Minh City,26.2,74.5,dry
2016-12-25,Hanoi,17.0,70.4,winter
2016-12-25,Ho Chi Minh City,27.3,73.5,dry
2016-12-26,Hanoi,14.5,76.5,winter
2016-12-26,Ho Chi Minh City,24.7,69.5,dry
2016-12-27,Hanoi,19.2,85.9,winter
2016-12-27,Ho Chi Minh City,27.1,75.1,dry
2016-12-28,Hanoi,19.4,76.7,winter
2016-12-28,Ho Chi Minh City,25.0,71.1,dry
2016-12-29,Hanoi,20.9,67.6,winter
2016-12-29,Ho Chi Minh City,26.0,76.7,dry
2016-12-30,Hanoi,17.0,67.2,winter
2016-12-30,Ho Chi Minh City,25.2,77.9,dry
2016-12-31,Hanoi,14.7,85.1,winter
2016-12-31,Ho Chi Minh City,27.9,69.7,dry
2017-01-01,Hanoi,14.3,89.7,winter
2017-01-01,Ho Chi Minh City,24.1,72.2,dry
2017-01-02,Hanoi,18.7,79.4,winter
2017-01-02,Ho Chi Minh City,28.0,69.3,dry
2017-01-03,Hanoi,16.6,88.2,winter
2017-01-03,Ho Chi Minh City,27.9,73.7,dry
2017-01-04,Hanoi,16.2,81.9,winter
2017-01-04,Ho Chi Minh City,27.5,69.5,dry
2017-01-05,Hanoi,15.7,87.5,winter
2017-01-05,Ho Chi Minh City,27.4,70.2,dry
2017-01-06,Hanoi,12.7,72.8,winter
2017-01-06,Ho Chi Minh City,24.5,69.6,dry
2017-01-07,Hanoi,12.7,79.5,winter
2017-01-07,Ho Chi Minh City,27.8,76.5,dry
2017-01-08,Hanoi,17.2,84.4,winter
2017-01-08,Ho Chi Minh City,27.9,74.5,dry
2017-01-09,Hanoi,14.1,81.4,winter
2017-01-09,Ho Chi Minh City,27.9,67.2,dry
2017-01-10,Hanoi,17.2,71.1,winter
2017-01-10,Ho Chi Minh City,26.8,62.9,dry
2017-01-11,Hanoi,16.3,79.4,winter
2017-01-11,Ho Chi Minh City,25.8,75.3,dry
2017-01-12,Hanoi,15.5,83.1,winter
2017-01-12,Ho Chi Minh City,25.2,76.4,dry
2017-01-13,Hanoi,12.7,71.2,winter
2017-01-13,Ho Chi Minh City,26.4,73.5,dry
2017-01-14,Hanoi,16.3,85.5,winter
2017-01-14,Ho Chi Minh City,26.0,67.3,dry
2017-01-15,Hanoi,13.1,84.0,winter
2017-01-15,Ho Chi Minh City,27.5,75.9,dry
2017-01-16,Hanoi,17.5,77.0,winter
2017-01-16,Ho Chi Minh City,25.2,73.5,dry
2017-01-17,Hanoi,16.8,75.4,winter
2017-01-17,Ho Chi Minh City,25.2,69.3,dry
2017-01-18,Hanoi,16.0,74.3,winter
2017-01-18,Ho Chi Minh City,25.2,71.9,dry
2017-01-19,Hanoi,16.8,80.1,winter
2017-01-19,Ho Chi Minh City,24.1,75.7,dry
2017-01-20,Hanoi,15.5,77.9,winter
2017-01-20,Ho Chi Minh City,26.7,62.2,dry
2017-01-21,Hanoi,13.3,87.0,winter
2017-01-21,Ho Chi Minh City,25.0,67.4,dry
2017-01-22,Hanoi,14.0,89.1,winter
2017-01-22,Ho Chi Minh City,25.9,73.0,dry
2017-01-23,Hanoi,18.5,73.2,winter
2017-01-23,Ho Chi Minh City,26.0,69.5,dry
2017-01-24,Hanoi,16.8,83.2,winter
2017-01-24,Ho Chi Minh City,24.6,68.2,dry
2017-01-25,Hanoi,13.4,70.7,winter
2017-01-25,Ho Chi Minh City,27.3,67.2,dry
2017-01-26,Hanoi,18.6,81.5,winter
2017-01-26,Ho Chi Minh City,25.9,63.7,dry
2017-01-27,Hanoi,13.0,89.2,winter
2017-01-27,Ho Chi Minh City,24.1,76.4,dry
2017-01-28,Hanoi,15.1,84.1,winter
2017-01-28,Ho Chi Minh City,24.7,76.9,dry
2017-01-29,Hanoi,16.8,77.0,winter
2017-01-29,Ho Chi Minh City,27.7,73.8,dry
2017-01-30,Hanoi,14.8,75.4,winter
2017-01-30,Ho Chi Minh City,24.1,76.3,dry
2017-01-31,Hanoi,13.4,78.7,winter
2017-01-31,Ho Chi Minh City,26.6,71.6,dry
2017-02-01,Hanoi,15.1,88.4,winter
2017-02-01,Ho Chi Minh City,25.9,71.3,dry
2017-02-02,Hanoi,20.1,90.8,winter
2017-02-02,Ho Chi Minh City,27.8,76.1,dry
2017-02-03,Hanoi,19.7,78.6,winter
2017-02-03,Ho Chi Minh City,27.7,63.3,dry
2017-02-04,Hanoi,17.2,83.8,winter
2017-02-04,Ho Chi Minh City,25.3,74.8,dry
2017-02-05,Hanoi,13.8,83.2,winter
2017-02-05,Ho Chi Minh City,25.2,69.2,dry
2017-02-06,Hanoi,14.6,81.4,winter
2017-02-06,Ho Chi Minh City,28.7,73.6,dry
2017-02-07,Hanoi,17.3,76.6,winter
2017-02-07,Ho Chi Minh City,28.9,71.5,dry
2017-02-08,Hanoi,19.4,89.1,winter
2017-02-08,Ho Chi Minh City,27.7,72.1,dry
2017-02-09,Hanoi,16.8,90.7,winter
2017-02-09,Ho Chi Minh City,28.1,64.0,dry
2017-02-10,Hanoi,16.1,92.0,winter
2017-02-10,Ho Chi Minh City,27.0,73.8,dry
2017-02-11,Hanoi,18.1,90.9,winter
2017-02-11,Ho Chi Minh City,25.4,68.7,dry
2017-02-12,Hanoi,19.0,80.8,winter
2017-02-12,Ho Chi Minh City,26.2,62.6,dry
2017-02-13,Hanoi,17.2,78.1,winter
2017-02-13,Ho Chi Minh City,26.2,70.3,dry
2017-02-14,Hanoi,19.1,74.3,winter
2017-02-14,Ho Chi Minh City,27.9,65.8,dry
2017-02-15,Hanoi,19.6,84.4,winter
2017-02-15,Ho Chi Minh City,26.0,62.7,dry
2017-02-16,Hanoi,18.9,76.5,winter
2017-02-16,Ho Chi Minh City,25.6,69.1,dry
2017-02-17,Hanoi,17.6,78.6,winter
2017-02-17,Ho Chi Minh City,26.4,65.9,dry
2017-02-18,Hanoi,15.8,83.2,winter
2017-02-18,Ho Chi Minh City,26.5,67.7,dry
2017-02-19,Hanoi,19.1,91.0,winter
2017-02-19,Ho Chi Minh City,28.2,69.7,dry
2017-02-20,Hanoi,19.0,90.5,winter
2017-02-20,Ho Chi Minh City,27.6,70.5,dry
2017-02-21,Hanoi,17.9,77.9,winter
2017-02-21,Ho Chi Minh City,28.5,70.4,dry
2017-02-22,Hanoi,18.7,86.7,winter
2017-02-22,Ho Chi Minh City,26.8,77.9,dry
2017-02-23,Hanoi,19.9,82.8,winter
2017-02-23,Ho Chi Minh City,27.6,63.5,dry
2017-02-24,Hanoi,17.1,73.3,winter
2017-02-24,Ho Chi Minh City,28.8,69.3,dry
2017-02-25,Hanoi,14.7,76.2,winter
2017-02-25,Ho Chi Minh City,26.0,71.8,dry
2017-02-26,Hanoi,19.1,89.9,winter
2017-02-26,Ho Chi Minh City,27.1,75.6,dry
2017-02-27,Hanoi,18.1,81.7,winter
2017-02-27,Ho Chi Minh City,26.5,62.1,dry
2017-02-28,Hanoi,18.2,88.9,winter
2017-02-28,Ho Chi Minh City,28.5,69.8,dry
2017-03-01,Hanoi,19.2,77.6,spring
2017-03-01,Ho Chi Minh City,26.3,67.0,dry
2017-03-02,Hanoi,19.7,89.7,spring
2017-03-02,Ho Chi Minh City,28.9,67.8,dry
2017-03-03,Hanoi,17.4,88.6,spring
2017-03-03,Ho Chi Minh City,29.4,67.9,dry
2017-03-04,Hanoi,16.6,83.4,spring
2017-03-04,Ho Chi Minh City,29.1,62.1,dry
2017-03-05,Hanoi,21.0,84.8,spring
2017-03-05,Ho Chi Minh City,28.0,73.4,dry
2017-03-06,Hanoi,17.0,81.1,spring
2017-03-06,Ho Chi Minh City,27.6,67.5,dry
2017-03-07,Hanoi,18.2,77.6,spring
2017-03-07,Ho Chi Minh City,26.0,63.0,dry
2017-03-08,Hanoi,23.1,76.7,spring
2017-03-08,Ho Chi Minh City,29.1,62.1,dry
2017-03-09,Hanoi,23.4,88.6,spring
2017-03-09,Ho Chi Minh City,27.0,68.3,dry
2017-03-10,Hanoi,17.8,93.8,spring
2017-03-10,Ho Chi Minh City,26.1,63.5,dry
2017-03-11,Hanoi,20.4,86.4,spring
2017-03-11,Ho Chi Minh City,28.2,69.1,dry
2017-03-12,Hanoi,22.0,81.7,spring
2017-03-12,Ho Chi Minh City,27.8,73.7,dry
2017-03-13,Hanoi,21.0,86.1,spring
2017-03-13,Ho Chi Minh City,29.8,66.9,dry
2017-03-14,Hanoi,20.0,83.7,spring
2017-03-14,Ho Chi Minh City,29.9,68.3,dry
2017-03-15,Hanoi,19.2,76.7,spring
2017-03-15,Ho Chi Minh City,29.0,76.5,dry
2017-03-16,Hanoi,19.6,85.9,spring
2017-03-16,Ho Chi Minh City,27.7,64.8,dry
2017-03-17,Hanoi,20.4,88.3,spring
2017-03-17,Ho Chi Minh City,29.9,65.4,dry
2017-03-18,Hanoi,17.9,87.7,spring
2017-03-18,Ho Chi Minh City,29.3,72.5,dry
2017-03-19,Hanoi,18.9,94.3,spring
2017-03-19,Ho Chi Minh City,27.6,67.2,dry
2017-03-20,Hanoi,22.6,75.6,spring
2017-03-20,Ho Chi Minh City,28.1,70.8,dry
2017-03-21,Hanoi,17.5,92.2,spring
2017-03-21,Ho Chi Minh City,27.9,65.9,dry
2017-03-22,Hanoi,18.9,77.9,spring
2017-03-22,Ho Chi Minh City,28.9,67.3,dry
2017-03-23,Hanoi,22.6,86.7,spring
2017-03-23,Ho Chi Minh City,26.6,74.6,dry
2017-03-24,Hanoi,17.5,79.9,spring
2017-03-24,Ho Chi Minh City,26.8,65.2,dry
2017-03-25,Hanoi,18.6,90.7,spring
2017-03-25,Ho Chi Minh City,29.5,69.0,dry
2017-03-26,Hanoi,16.6,77.7,spring
2017-03-26,Ho Chi Minh City,27.3,70.2,dry
2017-03-27,Hanoi,20.8,78.2,spring
2017-03-27,Ho Chi Minh City,26.1,69.8,dry
2017-03-28,Hanoi,23.0,87.9,spring
2017-03-28,Ho Chi Minh City,29.6,64.5,dry
2017-03-29,Hanoi,17.4,91.7,spring
2017-03-29,Ho Chi Minh City,26.9,71.9,dry
2017-03-30,Hanoi,21.3,81.1,spring
2017-03-30,Ho Chi Minh City,29.1,62.5,dry
2017-03-31,Hanoi,22.4,90.9,spring
2017-03-31,Ho Chi Minh City,29.9,65.8,dry
2017-04-01,Hanoi,24.5,75.9,spring
2017-04-01,Ho Chi Minh City,28.1,80.1,dry
2017-04-02,Hanoi,27.4,75.7,spring
2017-04-02,Ho Chi Minh City,28.0,67.6,dry
2017-04-03,Hanoi,24.6,81.3,spring
2017-04-03,Ho Chi Minh City,27.3,81.6,dry
2017-04-04,Hanoi,21.7,80.0,spring
2017-04-04,Ho Chi Minh City,30.5,81.1,dry
2017-04-05,Hanoi,23.0,90.9,spring
2017-04-05,Ho Chi Minh City,29.8,75.0,dry
2017-04-06,Hanoi,25.3,80.3,spring
2017-04-06,Ho Chi Minh City,31.0,68.9,dry
2017-04-07,Hanoi,20.6,85.9,spring
2017-04-07,Ho Chi Minh City,28.2,74.5,dry
2017-04-08,Hanoi,23.3,84.8,spring
2017-04-08,Ho Chi Minh City,28.1,82.2,dry
2017-04-09,Hanoi,23.0,93.8,spring
2017-04-09,Ho Chi Minh City,30.5,75.8,dry
2017-04-10,Hanoi,21.6,82.7,spring
2017-04-10,Ho Chi Minh City,29.7,69.0,dry
2017-04-11,Hanoi,21.4,94.4,spring
2017-04-11,Ho Chi Minh City,27.2,71.1,dry
2017-04-12,Hanoi,22.3,79.5,spring
2017-04-12,Ho Chi Minh City,28.5,77.9,dry
2017-04-13,Hanoi,24.5,93.9,spring
2017-04-13,Ho Chi Minh City,29.5,74.6,dry
2017-04-14,Hanoi,24.4,93.6,spring
2017-04-14,Ho Chi Minh City,30.1,75.1,dry
2017-04-15,Hanoi,23.9,93.5,spring
2017-04-15,Ho Chi Minh City,28.5,71.0,dry
2017-04-16,Hanoi,26.3,77.4,spring
2017-04-16,Ho Chi Minh City,30.1,67.2,dry
2017-04-17,Hanoi,26.9,87.9,spring
2017-04-17,Ho Chi Minh City,28.1,78.6,dry
2017-04-18,Hanoi,22.0,87.3,spring
2017-04-18,Ho Chi Minh City,27.2,68.9,dry
2017-04-19,Hanoi,20.9,80.0,spring
2017-04-19,Ho Chi Minh City,30.1,70.9,dry
2017-04-20,Hanoi,25.8,82.2,spring
2017-04-20,Ho Chi Minh City,27.6,75.4,dry
2017-04-21,Hanoi,23.5,76.6,spring
2017-04-21,Ho Chi Minh City,30.9,67.2,dry
2017-04-22,Hanoi,25.6,80.1,spring
2017-04-22,Ho Chi Minh City,30.3,80.4,dry
2017-04-23,Hanoi,27.4,88.3,spring
2017-04-23,Ho Chi Minh City,29.3,78.6,dry
2017-04-24,Hanoi,21.4,89.8,spring
2017-04-24,Ho Chi Minh City,28.1,81.6,dry
2017-04-25,Hanoi,24.7,94.3,spring
2017-04-25,Ho Chi Minh City,30.7,78.9,dry
2017-04-26,Hanoi,21.6,81.9,spring
2017-04-26,Ho Chi Minh City,28.0,80.6,dry
2017-04-27,Hanoi,22.8,92.6,spring
2017-04-27,Ho Chi Minh City,30.3,70.4,dry
2017-04-28,Hanoi,21.9,78.8,spring
2017-04-28,Ho Chi Minh City,27.1,67.4,dry
2017-04-29,Hanoi,22.1,87.5,spring
2017-04-29,Ho Chi Minh City,27.4,70.6,dry
2017-04-30,Hanoi,24.7,79.5,spring
2017-04-30,Ho Chi Minh City,30.5,80.7,dry
2017-05-01,Hanoi,26.5,86.2,summer
2017-05-01,Ho Chi Minh City,29.0,87.9,wet
2017-05-02,Hanoi,31.1,80.3,summer
2017-05-02,Ho Chi Minh City,27.9,82.6,wet
2017-05-03,Hanoi,25.8,87.6,summer
2017-05-03,Ho Chi Minh City,28.8,85.6,wet
2017-05-04,Hanoi,24.7,79.0,summer
2017-05-04,Ho Chi Minh City,28.7,79.8,wet
2017-05-05,Hanoi,25.2,80.4,summer
2017-05-05,Ho Chi Minh City,27.0,76.6,wet
2017-05-06,Hanoi,28.4,79.8,summer
2017-05-06,Ho Chi Minh City,30.3,77.8,wet
2017-05-07,Hanoi,26.7,79.0,summer
2017-05-07,Ho Chi Minh City,30.2,76.7,wet
2017-05-08,Hanoi,29.9,71.3,summer
2017-05-08,Ho Chi Minh City,29.9,73.2,wet
2017-05-09,Hanoi,29.8,87.9,summer
2017-05-09,Ho Chi Minh City,29.1,85.4,wet
2017-05-10,Hanoi,29.6,83.2,summer
2017-05-10,Ho Chi Minh City,28.2,81.5,wet
2017-05-11,Hanoi,31.2,74.5,summer
2017-05-11,Ho Chi Minh City,29.4,72.3,wet
2017-05-12,Hanoi,28.9,73.4,summer
2017-05-12,Ho Chi Minh City,29.4,72.1,wet
2017-05-13,Hanoi,31.1,84.7,summer
2017-05-13,Ho Chi Minh City,29.5,78.5,wet
2017-05-14,Hanoi,29.6,88.9,summer
2017-05-14,Ho Chi Minh City,29.0,76.2,wet
2017-05-15,Hanoi,28.1,79.0,summer
2017-05-15,Ho Chi Minh City,29.4,73.9,wet
2017-05-16,Hanoi,27.5,76.5,summer
2017-05-16,Ho Chi Minh City,29.1,86.4,wet
2017-05-17,Hanoi,30.7,89.6,summer
2017-05-17,Ho Chi Minh City,30.1,75.5,wet
2017-05-18,Hanoi,30.0,78.5,summer
2017-05-18,Ho Chi Minh City,29.9,81.7,wet
2017-05-19,Hanoi,28.5,79.7,summer
2017-05-19,Ho Chi Minh City,28.5,78.9,wet
2017-05-20,Hanoi,28.2,85.0,summer
2017-05-20,Ho Chi Minh City,29.3,79.5,wet
2017-05-21,Hanoi,25.5,70.8,summer
2017-05-21,Ho Chi Minh City,29.0,72.8,wet
2017-05-22,Hanoi,25.8,83.4,summer
2017-05-22,Ho Chi Minh City,27.0,82.6,wet
2017-05-23,Hanoi,25.9,84.5,summer
2017-05-23,Ho Chi Minh City,27.4,74.8,wet
2017-05-24,Hanoi,25.4,87.0,summer
2017-05-24,Ho Chi Minh City,29.8,78.0,wet
2017-05-25,Hanoi,30.5,70.2,summer
2017-05-25,Ho Chi Minh City,29.0,84.7,wet
2017-05-26,Hanoi,27.2,78.6,summer
2017-05-26,Ho Chi Minh City,30.6,76.1,wet
2017-05-27,Hanoi,25.0,80.8,summer
2017-05-27,Ho Chi Minh City,29.5,84.1,wet
2017-05-28,Hanoi,24.7,85.9,summer
2017-05-28,Ho Chi Minh City,27.2,81.6,wet
2017-05-29,Hanoi,30.8,71.8,summer
2017-05-29,Ho Chi Minh City,28.6,74.0,wet
2017-05-30,Hanoi,28.7,77.9,summer
2017-05-30,Ho Chi Minh City,29.3,72.5,wet
2017-05-31,Hanoi,28.3,76.3,summer
2017-05-31,Ho Chi Minh City,29.6,81.0,wet
2017-06-01,Hanoi,30.4,86.4,summer
2017-06-01,Ho Chi Minh City,26.3,76.8,wet
2017-06-02,Hanoi,27.7,88.8,summer
2017-06-02,Ho Chi Minh City,26.7,78.2,wet
2017-06-03,Hanoi,27.3,83.0,summer
2017-06-03,Ho Chi Minh City,27.9,76.8,wet
2017-06-04,Hanoi,32.5,75.6,summer
2017-06-04,Ho Chi Minh City,27.4,79.5,wet
2017-06-05,Hanoi,27.2,80.2,summer
2017-06-05,Ho Chi Minh City,26.8,81.5,wet
2017-06-06,Hanoi,31.7,76.4,summer
2017-06-06,Ho Chi Minh City,27.8,88.3,wet
2017-06-07,Hanoi,29.6,86.6,summer
2017-06-07,Ho Chi Minh City,28.9,80.7,wet
2017-06-08,Hanoi,32.6,72.2,summer
2017-06-08,Ho Chi Minh City,28.0,83.1,wet
2017-06-09,Hanoi,29.6,81.4,summer
2017-06-09,Ho Chi Minh City,28.7,86.4,wet
2017-06-10,Hanoi,31.9,75.3,summer
2017-06-10,Ho Chi Minh City,27.2,84.2,wet
2017-06-11,Hanoi,28.1,76.3,summer
2017-06-11,Ho Chi Minh City,28.2,83.5,wet
2017-06-12,Hanoi,33.5,78.4,summer
2017-06-12,Ho Chi Minh City,30.0,86.0,wet
2017-06-13,Hanoi,33.5,75.9,summer
2017-06-13,Ho Chi Minh City,28.3,83.7,wet
2017-06-14,Hanoi,32.9,84.7,summer
2017-06-14,Ho Chi Minh City,26.0,82.7,wet
2017-06-15,Hanoi,27.9,70.6,summer
2017-06-15,Ho Chi Minh City,27.4,84.2,wet
2017-06-16,Hanoi,27.5,72.1,summer
2017-06-16,Ho Chi Minh City,27.8,79.5,wet
2017-06-17,Hanoi,29.0,78.9,summer
2017-06-17,Ho Chi Minh City,28.2,83.5,wet
2017-06-18,Hanoi,26.7,71.1,summer
2017-06-18,Ho Chi Minh City,27.8,88.4,wet
2017-06-19,Hanoi,30.9,88.8,summer
2017-06-19,Ho Chi Minh City,26.9,82.2,wet
2017-06-20,Hanoi,26.6,72.6,summer
2017-06-20,Ho Chi Minh City,29.2,77.3,wet
2017-06-21,Hanoi,31.8,73.2,summer
2017-06-21,Ho Chi Minh City,27.0,88.3,wet
2017-06-22,Hanoi,28.3,79.1,summer
2017-06-22,Ho Chi Minh City,26.6,87.2,wet
2017-06-23,Hanoi,28.2,71.2,summer
2017-06-23,Ho Chi Minh City,28.9,81.9,wet
2017-06-24,Hanoi,31.4,77.8,summer
2017-06-24,Ho Chi Minh City,28.3,88.4,wet
2017-06-25,Hanoi,30.1,88.9,summer
2017-06-25,Ho Chi Minh City,28.7,83.0,wet
2017-06-26,Hanoi,32.5,86.5,summer
2017-06-26,Ho Chi Minh City,28.6,75.8,wet
2017-06-27,Hanoi,28.4,73.2,summer
2017-06-27,Ho Chi Minh City,26.0,88.0,wet
2017-06-28,Hanoi,28.7,89.1,summer
2017-06-28,Ho Chi Minh City,26.5,77.7,wet
2017-06-29,Hanoi,28.4,89.9,summer
2017-06-29,Ho Chi Minh City,26.5,81.0,wet
2017-06-30,Hanoi,30.3,89.6,summer
2017-06-30,Ho Chi Minh City,29.5,78.8,wet
2017-07-01,Hanoi,28.9,73.2,summer
2017-07-01,Ho Chi Minh City,26.2,88.4,wet
2017-07-02,Hanoi,31.3,86.8,summer
2017-07-02,Ho Chi Minh City,27.5,91.6,wet
2017-07-03,Hanoi,31.9,81.3,summer
2017-07-03,Ho Chi Minh City,29.6,78.7,wet
2017-07-04,Hanoi,32.1,92.0,summer
2017-07-04,Ho Chi Minh City,28.4,86.4,wet
2017-07-05,Hanoi,30.5,79.3,summer
2017-07-05,Ho Chi Minh City,28.9,81.0,wet
2017-07-06,Hanoi,28.7,88.0,summer
2017-07-06,Ho Chi Minh City,28.2,92.3,wet
2017-07-07,Hanoi,32.4,92.7,summer
2017-07-07,Ho Chi Minh City,26.2,86.9,wet
2017-07-08,Hanoi,27.1,78.1,summer
2017-07-08,Ho Chi Minh City,26.3,83.7,wet
2017-07-09,Hanoi,27.5,78.5,summer
2017-07-09,Ho Chi Minh City,27.1,83.7,wet
2017-07-10,Hanoi,31.4,84.9,summer
2017-07-10,Ho Chi Minh City,26.1,83.0,wet
2017-07-11,Hanoi,31.2,85.2,summer
2017-07-11,Ho Chi Minh City,26.7,83.3,wet
2017-07-12,Hanoi,32.4,88.1,summer
2017-07-12,Ho Chi Minh City,26.9,87.8,wet
2017-07-13,Hanoi,27.3,84.4,summer
2017-07-13,Ho Chi Minh City,27.8,92.7,wet
2017-07-14,Hanoi,31.3,88.8,summer
2017-07-14,Ho Chi Minh City,29.6,86.9,wet
2017-07-15,Hanoi,33.0,74.1,summer
2017-07-15,Ho Chi Minh City,28.7,91.7,wet
2017-07-16,Hanoi,33.4,85.4,summer
2017-07-16,Ho Chi Minh City,28.3,81.0,wet
2017-07-17,Hanoi,30.8,89.3,summer
2017-07-17,Ho Chi Minh City,26.0,89.6,wet
2017-07-18,Hanoi,27.8,88.8,summer
2017-07-18,Ho Chi Minh City,26.6,88.9,wet
2017-07-19,Hanoi,30.2,78.2,summer
2017-07-19,Ho Chi Minh City,27.7,86.4,wet
2017-07-20,Hanoi,33.3,92.5,summer
2017-07-20,Ho Chi Minh City,28.2,89.0,wet
2017-07-21,Hanoi,29.6,80.1,summer
2017-07-21,Ho Chi Minh City,29.1,88.0,wet
2017-07-22,Hanoi,26.9,81.2,summer
2017-07-22,Ho Chi Minh City,28.6,87.8,wet
2017-07-23,Hanoi,26.9,89.0,summer
2017-07-23,Ho Chi Minh City,26.8,79.4,wet
2017-07-24,Hanoi,32.6,89.8,summer
2017-07-24,Ho Chi Minh City,29.0,84.0,wet
2017-07-25,Hanoi,28.4,88.2,summer
2017-07-25,Ho Chi Minh City,29.6,91.5,wet
2017-07-26,Hanoi,28.6,77.7,summer
2017-07-26,Ho Chi Minh City,28.9,88.4,wet
2017-07-27,Hanoi,30.6,81.7,summer
2017-07-27,Ho Chi Minh City,29.0,77.5,wet
2017-07-28,Hanoi,32.9,80.0,summer
2017-07-28,Ho Chi Minh City,27.5,89.5,wet
2017-07-29,Hanoi,33.2,83.5,summer
2017-07-29,Ho Chi Minh City,27.7,81.1,wet
2017-07-30,Hanoi,32.8,82.9,summer
2017-07-30,Ho Chi Minh City,28.4,92.7,wet
2017-07-31,Hanoi,32.3,88.2,summer
2017-07-31,Ho Chi Minh City,26.4,84.5,wet
2017-08-01,Hanoi,28.7,81.1,summer
2017-08-01,Ho Chi Minh City,26.8,87.0,wet
2017-08-02,Hanoi,30.2,79.5,summer
2017-08-02,Ho Chi Minh City,28.9,87.9,wet
2017-08-03,Hanoi,28.8,80.0,summer
2017-08-03,Ho Chi Minh City,27.0,87.7,wet
2017-08-04,Hanoi,28.5,77.6,summer
2017-08-04,Ho Chi Minh City,29.0,82.2,wet
2017-08-05,Hanoi,25.8,87.2,summer
2017-08-05,Ho Chi Minh City,27.0,92.7,wet
2017-08-06,Hanoi,29.7,77.1,summer
2017-08-06,Ho Chi Minh City,26.3,87.5,wet
2017-08-07,Hanoi,26.0,80.3,summer
2017-08-07,Ho Chi Minh City,28.2,80.1,wet
2017-08-08,Hanoi,32.0,89.3,summer
2017-08-08,Ho Chi Minh City,28.3,91.7,wet
2017-08-09,Hanoi,29.5,94.6,summer
2017-08-09,Ho Chi Minh City,27.8,81.1,wet
2017-08-10,Hanoi,27.5,92.1,summer
2017-08-10,Ho Chi Minh City,26.7,79.6,wet
2017-08-11,Hanoi,28.8,87.1,summer
2017-08-11,Ho Chi Minh City,27.6,83.3,wet
2017-08-12,Hanoi,25.7,78.5,summer
2017-08-12,Ho Chi Minh City,26.3,87.1,wet
2017-08-13,Hanoi,31.8,80.8,summer
2017-08-13,Ho Chi Minh City,26.9,89.4,wet
2017-08-14,Hanoi,29.4,86.6,summer
2017-08-14,Ho Chi Minh City,28.3,88.7,wet
2017-08-15,Hanoi,31.4,91.9,summer
2017-08-15,Ho Chi Minh City,27.4,86.4,wet
2017-08-16,Hanoi,30.1,89.6,summer
2017-08-16,Ho Chi Minh City,29.8,79.9,wet
2017-08-17,Hanoi,27.0,94.7,summer
2017-08-17,Ho Chi Minh City,29.4,87.3,wet
2017-08-18,Hanoi,26.4,89.2,summer
2017-08-18,Ho Chi Minh City,29.4,88.7,wet
2017-08-19,Hanoi,28.1,76.9,summer
2017-08-19,Ho Chi Minh City,26.2,83.8,wet
2017-08-20,Hanoi,29.5,90.3,summer
2017-08-20,Ho Chi Minh City,29.2,84.1,wet
2017-08-21,Hanoi,32.2,78.6,summer
2017-08-21,Ho Chi Minh City,27.9,85.0,wet
2017-08-22,Hanoi,28.9,80.0,summer
2017-08-22,Ho Chi Minh City,28.8,88.7,wet
2017-08-23,Hanoi,29.8,76.2,summer
2017-08-23,Ho Chi Minh City,26.7,82.4,wet
2017-08-24,Hanoi,25.7,75.9,summer
2017-08-24,Ho Chi Minh City,28.7,87.6,wet
2017-08-25,Hanoi,29.8,77.0,summer
2017-08-25,Ho Chi Minh City,28.4,79.8,wet
2017-08-26,Hanoi,30.9,91.4,summer
2017-08-26,Ho Chi Minh City,28.3,89.5,wet
2017-08-27,Hanoi,31.8,87.3,summer
2017-08-27,Ho Chi Minh City,26.4,83.4,wet
2017-08-28,Hanoi,29.4,79.6,summer
2017-08-28,Ho Chi Minh City,28.1,82.6,wet
2017-08-29,Hanoi,26.5,77.4,summer
2017-08-29,Ho Chi Minh City,26.5,80.0,wet
2017-08-30,Hanoi,28.5,86.3,summer
2017-08-30,Ho Chi Minh City,27.7,83.8,wet
2017-08-31,Hanoi,28.2,76.2,summer
2017-08-31,Ho Chi Minh City,27.6,86.3,wet
2017-09-01,Hanoi,28.2,79.7,fall
2017-09-01,Ho Chi Minh City,27.9,93.6,wet
2017-09-02,Hanoi,25.9,86.4,fall
2017-09-02,Ho Chi Minh City,26.1,84.8,wet
2017-09-03,Hanoi,26.5,92.9,fall
2017-09-03,Ho Chi Minh City,26.5,83.6,wet
2017-09-04,Hanoi,31.1,87.6,fall
2017-09-04,Ho Chi Minh City,27.9,89.4,wet
2017-09-05,Hanoi,27.6,76.7,fall
2017-09-05,Ho Chi Minh City,27.0,82.9,wet
2017-09-06,Hanoi,30.8,91.1,fall
2017-09-06,Ho Chi Minh City,28.0,83.4,wet
2017-09-07,Hanoi,28.4,82.4,fall
2017-09-07,Ho Chi Minh City,29.3,88.1,wet
2017-09-08,Hanoi,27.1,78.9,fall
2017-09-08,Ho Chi Minh City,26.0,80.3,wet
2017-09-09,Hanoi,30.6,73.0,fall
2017-09-09,Ho Chi Minh City,26.6,87.5,wet
2017-09-10,Hanoi,26.1,83.8,fall
2017-09-10,Ho Chi Minh City,27.9,91.0,wet
2017-09-11,Hanoi,28.7,80.8,fall
2017-09-11,Ho Chi Minh City,27.6,84.0,wet
2017-09-12,Hanoi,25.9,88.9,fall
2017-09-12,Ho Chi Minh City,27.1,86.7,wet
2017-09-13,Hanoi,28.6,83.4,fall
2017-09-13,Ho Chi Minh City,27.0,92.5,wet
2017-09-14,Hanoi,26.9,79.3,fall
2017-09-14,Ho Chi Minh City,26.4,89.3,wet
2017-09-15,Hanoi,25.7,83.3,fall
2017-09-15,Ho Chi Minh City,29.5,92.1,wet
2017-09-16,Hanoi,31.2,88.5,fall
2017-09-16,Ho Chi Minh City,28.0,83.3,wet
2017-09-17,Hanoi,31.1,84.9,fall
2017-09-17,Ho Chi Minh City,29.2,87.1,wet
2017-09-18,Hanoi,29.1,79.2,fall
2017-09-18,Ho Chi Minh City,28.4,88.5,wet
2017-09-19,Hanoi,30.4,86.3,fall
2017-09-19,Ho Chi Minh City,27.0,86.3,wet
2017-09-20,Hanoi,28.6,90.7,fall
2017-09-20,Ho Chi Minh City,27.2,88.3,wet
2017-09-21,Hanoi,29.7,90.4,fall
2017-09-21,Ho Chi Minh City,27.7,92.1,wet
2017-09-22,Hanoi,26.2,77.9,fall
2017-09-22,Ho Chi Minh City,26.0,86.9,wet
2017-09-23,Hanoi,24.6,88.3,fall
2017-09-23,Ho Chi Minh City,29.1,86.9,wet
2017-09-24,Hanoi,27.4,82.7,fall
2017-09-24,Ho Chi Minh City,29.3,88.5,wet
2017-09-25,Hanoi,25.1,81.6,fall
2017-09-25,Ho Chi Minh City,28.3,89.1,wet
2017-09-26,Hanoi,26.6,80.1,fall
2017-09-26,Ho Chi Minh City,27.3,91.4,wet
2017-09-27,Hanoi,26.0,79.1,fall
2017-09-27,Ho Chi Minh City,28.1,93.1,wet
2017-09-28,Hanoi,25.2,81.3,fall
2017-09-28,Ho Chi Minh City,26.2,84.2,wet
2017-09-29,Hanoi,29.4,87.8,fall
2017-09-29,Ho Chi Minh City,27.2,90.9,wet
2017-09-30,Hanoi,28.4,77.6,fall
2017-09-30,Ho Chi Minh City,29.2,92.7,wet
2017-10-01,Hanoi,24.8,82.7,fall
2017-10-01,Ho Chi Minh City,26.6,86.3,wet
2017-10-02,Hanoi,25.6,72.0,fall
2017-10-02,Ho Chi Minh City,28.6,87.5,wet
2017-10-03,Hanoi,25.0,82.0,fall
2017-10-03,Ho Chi Minh City,25.1,86.5,wet
2017-10-04,Hanoi,27.3,76.9,fall
2017-10-04,Ho Chi Minh City,28.8,82.2,wet
2017-10-05,Hanoi,27.6,71.6,fall
2017-10-05,Ho Chi Minh City,27.7,90.4,wet
2017-10-06,Hanoi,25.1,81.9,fall
2017-10-06,Ho Chi Minh City,26.3,86.8,wet
2017-10-07,Hanoi,27.6,83.6,fall
2017-10-07,Ho Chi Minh City,28.0,83.0,wet
2017-10-08,Hanoi,22.4,82.8,fall
2017-10-08,Ho Chi Minh City,27.6,86.2,wet
2017-10-09,Hanoi,26.4,73.0,fall
2017-10-09,Ho Chi Minh City,26.1,87.7,wet
2017-10-10,Hanoi,28.2,70.5,fall
2017-10-10,Ho Chi Minh City,28.9,92.4,wet
2017-10-11,Hanoi,22.2,78.2,fall
2017-10-11,Ho Chi Minh City,28.9,89.1,wet
2017-10-12,Hanoi,26.1,80.4,fall
2017-10-12,Ho Chi Minh City,27.8,85.8,wet
2017-10-13,Hanoi,26.5,87.7,fall
2017-10-13,Ho Chi Minh City,27.9,82.5,wet
2017-10-14,Hanoi,21.6,82.1,fall
2017-10-14,Ho Chi Minh City,27.0,81.9,wet
2017-10-15,Hanoi,27.3,80.7,fall
2017-10-15,Ho Chi Minh City,27.1,77.3,wet
2017-10-16,Hanoi,23.3,80.7,fall
2017-10-16,Ho Chi Minh City,28.1,77.4,wet
2017-10-17,Hanoi,26.0,84.2,fall
2017-10-17,Ho Chi Minh City,27.0,89.3,wet
2017-10-18,Hanoi,26.7,81.9,fall
2017-10-18,Ho Chi Minh City,27.8,77.5,wet
2017-10-19,Hanoi,22.3,82.0,fall
2017-10-19,Ho Chi Minh City,27.1,85.0,wet
2017-10-20,Hanoi,27.8,75.1,fall
2017-10-20,Ho Chi Minh City,26.2,77.2,wet
2017-10-21,Hanoi,26.0,81.7,fall
2017-10-21,Ho Chi Minh City,26.3,92.0,wet
2017-10-22,Hanoi,22.1,87.5,fall
2017-10-22,Ho Chi Minh City,25.9,87.4,wet
2017-10-23,Hanoi,23.1,80.4,fall
2017-10-23,Ho Chi Minh City,26.9,91.0,wet
2017-10-24,Hanoi,23.6,76.6,fall
2017-10-24,Ho Chi Minh City,25.4,92.8,wet
2017-10-25,Hanoi,28.0,73.7,fall
2017-10-25,Ho Chi Minh City,27.0,82.2,wet
2017-10-26,Hanoi,22.7,83.3,fall
2017-10-26,Ho Chi Minh City,28.5,78.7,wet
2017-10-27,Hanoi,27.4,83.9,fall
2017-10-27,Ho Chi Minh City,25.3,88.1,wet
2017-10-28,Hanoi,23.0,72.1,fall
2017-10-28,Ho Chi Minh City,28.1,91.8,wet
2017-10-29,Hanoi,27.7,71.7,fall
2017-10-29,Ho Chi Minh City,28.0,79.7,wet
2017-10-30,Hanoi,24.6,76.7,fall
2017-10-30,Ho Chi Minh City,25.6,81.8,wet
2017-10-31,Hanoi,24.8,78.1,fall
2017-10-31,Ho Chi Minh City,26.9,77.3,wet
2017-11-01,Hanoi,21.4,81.7,fall
2017-11-01,Ho Chi Minh City,27.8,86.8,wet
2017-11-02,Hanoi,21.8,75.8,fall
2017-11-02,Ho Chi Minh City,27.2,80.6,wet
2017-11-03,Hanoi,20.3,84.0,fall
2017-11-03,Ho Chi Minh City,26.5,82.2,wet
2017-11-04,Hanoi,24.4,68.4,fall
2017-11-04,Ho Chi Minh City,27.8,75.1,wet
2017-11-05,Hanoi,22.0,71.8,fall
2017-11-05,Ho Chi Minh City,28.2,78.9,wet
2017-11-06,Hanoi,21.4,73.8,fall
2017-11-06,Ho Chi Minh City,25.2,82.8,wet
2017-11-07,Hanoi,19.8,77.4,fall
2017-11-07,Ho Chi Minh City,25.0,85.8,wet
2017-11-08,Hanoi,22.0,69.9,fall
2017-11-08,Ho Chi Minh City,28.7,83.8,wet
2017-11-09,Hanoi,23.8,68.9,fall
2017-11-09,Ho Chi Minh City,26.5,79.3,wet
2017-11-10,Hanoi,19.7,74.8,fall
2017-11-10,Ho Chi Minh City,27.8,75.0,wet
2017-11-11,Hanoi,23.0,67.9,fall
2017-11-11,Ho Chi Minh City,26.7,83.0,wet
2017-11-12,Hanoi,19.7,78.2,fall
2017-11-12,Ho Chi Minh City,25.5,78.8,wet
2017-11-13,Hanoi,18.4,74.0,fall
2017-11-13,Ho Chi Minh City,25.7,83.7,wet
2017-11-14,Hanoi,23.6,81.6,fall
2017-11-14,Ho Chi Minh City,28.8,86.3,wet
2017-11-15,Hanoi,19.2,75.3,fall
2017-11-15,Ho Chi Minh City,27.1,84.8,wet
2017-11-16,Hanoi,23.5,65.1,fall
2017-11-16,Ho Chi Minh City,28.1,82.2,wet
2017-11-17,Hanoi,21.8,65.6,fall
2017-11-17,Ho Chi Minh City,28.6,77.3,wet
2017-11-18,Hanoi,23.4,70.7,fall
2017-11-18,Ho Chi Minh City,28.2,75.8,wet
2017-11-19,Hanoi,23.4,69.7,fall
2017-11-19,Ho Chi Minh City,27.3,87.5,wet
2017-11-20,Hanoi,23.3,76.2,fall
2017-11-20,Ho Chi Minh City,26.5,72.6,wet
2017-11-21,Hanoi,20.9,66.1,fall
2017-11-21,Ho Chi Minh City,28.6,84.2,wet
2017-11-22,Hanoi,21.5,81.8,fall
2017-11-22,Ho Chi Minh City,27.1,78.2,wet
2017-11-23,Hanoi,22.1,80.7,fall
2017-11-23,Ho Chi Minh City,26.2,82.3,wet
2017-11-24,Hanoi,18.1,66.7,fall
2017-11-24,Ho Chi Minh City,27.8,77.5,wet
2017-11-25,Hanoi,18.2,71.7,fall
2017-11-25,Ho Chi Minh City,27.2,79.7,wet
2017-11-26,Hanoi,18.5,71.8,fall
2017-11-26,Ho Chi Minh City,28.1,87.9,wet
2017-11-27,Hanoi,24.1,66.2,fall
2017-11-27,Ho Chi Minh City,25.3,87.5,wet
2017-11-28,Hanoi,22.5,82.4,fall
2017-11-28,Ho Chi Minh City,29.0,87.9,wet
2017-11-29,Hanoi,19.5,75.8,fall
2017-11-29,Ho Chi Minh City,27.6,78.9,wet
2017-11-30,Hanoi,20.4,75.4,fall
2017-11-30,Ho Chi Minh City,27.3,74.3,wet
2017-12-01,Hanoi,21.1,77.9,winter
2017-12-01,Ho Chi Minh City,24.2,73.6,dry
2017-12-02,Hanoi,16.7,70.4,winter
2017-12-02,Ho Chi Minh City,26.6,78.5,dry
2017-12-03,Hanoi,16.7,77.8,winter
2017-12-03,Ho Chi Minh City,24.1,77.3,dry
2017-12-04,Hanoi,15.3,84.1,winter
2017-12-04,Ho Chi Minh City,25.2,68.3,dry
2017-12-05,Hanoi,15.2,78.5,winter
2017-12-05,Ho Chi Minh City,27.1,74.4,dry
2017-12-06,Hanoi,15.4,71.6,winter
2017-12-06,Ho Chi Minh City,27.4,70.9,dry
2017-12-07,Hanoi,21.1,70.3,winter
2017-12-07,Ho Chi Minh City,26.8,69.7,dry
2017-12-08,Hanoi,16.0,69.3,winter
2017-12-08,Ho Chi Minh City,27.0,76.9,dry
2017-12-09,Hanoi,21.5,76.4,winter
2017-12-09,Ho Chi Minh City,25.7,70.0,dry
2017-12-10,Hanoi,15.5,67.5,winter
2017-12-10,Ho Chi Minh City,24.4,80.1,dry
2017-12-11,Hanoi,19.5,82.3,winter
2017-12-11,Ho Chi Minh City,27.8,72.5,dry
2017-12-12,Hanoi,18.7,83.3,winter
2017-12-12,Ho Chi Minh City,25.5,81.4,dry
2017-12-13,Hanoi,20.3,86.3,winter
2017-12-13,Ho Chi Minh City,26.6,80.5,dry
2017-12-14,Hanoi,21.2,72.8,winter
2017-12-14,Ho Chi Minh City,27.2,82.4,dry
2017-12-15,Hanoi,17.2,82.2,winter
2017-12-15,Ho Chi Minh City,26.9,78.3,dry
2017-12-16,Hanoi,19.6,76.3,winter
2017-12-16,Ho Chi Minh City,25.5,78.6,dry
2017-12-17,Hanoi,17.6,67.8,winter
2017-12-17,Ho Chi Minh City,27.6,71.1,dry
2017-12-18,Hanoi,18.3,86.4,winter
2017-12-18,Ho Chi Minh City,26.3,79.5,dry
2017-12-19,Hanoi,14.9,83.7,winter
2017-12-19,Ho Chi Minh City,25.9,79.0,dry
2017-12-20,Hanoi,18.4,77.4,winter
2017-12-20,Ho Chi Minh City,27.0,69.4,dry
2017-12-21,Hanoi,15.8,80.2,winter
2017-12-21,Ho Chi Minh City,27.2,75.8,dry
2017-12-22,Hanoi,17.8,68.4,winter
2017-12-22,Ho Chi Minh City,25.5,81.9,dry
2017-12-23,Hanoi,15.8,69.1,winter
2017-12-23,Ho Chi Minh City,25.8,69.3,dry
2017-12-24,Hanoi,14.7,84.2,winter
2017-12-24,Ho Chi Minh City,25.5,74.1,dry
2017-12-25,Hanoi,15.6,71.9,winter
2017-12-25,Ho Chi Minh City,26.5,71.6,dry
2017-12-26,Hanoi,21.1,83.2,winter
2017-12-26,Ho Chi Minh City,27.1,75.5,dry
2017-12-27,Hanoi,20.0,79.9,winter
2017-12-27,Ho Chi Minh City,24.8,81.2,dry
2017-12-28,Hanoi,17.2,67.2,winter
2017-12-28,Ho Chi Minh City,25.7,68.8,dry
2017-12-29,Hanoi,21.0,76.1,winter
2017-12-29,Ho Chi Minh City,27.3,77.6,dry
2017-12-30,Hanoi,20.9,80.8,winter
2017-12-30,Ho Chi Minh City,28.0,69.1,dry
2017-12-31,Hanoi,15.3,70.7,winter
2017-12-31,Ho Chi Minh City,25.9,67.7,dry
